id,sequence,length,charge,activity_score,hemolytic_score,phytotoxicity_score,stability_score,synthesizability_score,combined_score,rank
GEN_8467,KTTKSKKKVTTKEKSIKK,18,7.75,0.6645,0.2568,0.1023,1.0,1.0,0.803,1
GEN_8574,GQAYPLSAWAKGRGCYP,17,1.75,0.6585,0.3086,0.0314,0.9363,1.0,0.7891,2
GEN_8385,FGANKIRYKKDKGWKFRGLGAAGKC,25,6.74,0.6681,0.3642,0.0434,1.0,1.0,0.7863,3
GEN_8620,KKAGNGRLAHKSGIMNSGPKKALG,24,5.84,0.6554,0.3587,0.0,0.9678,1.0,0.7849,4
GEN_8360,QVKGKKACDKDKGWKFRGLGAAGKC,25,5.74,0.6693,0.3377,0.0,0.894,1.0,0.7839,5
GEN_8660,RGGVWTRAALFEKGALNKNEG,21,1.76,0.6525,0.3184,0.0165,0.9076,1.0,0.7824,6
GEN_8627,GEWKASKNNAARVRCKAK,18,4.75,0.6548,0.4073,0.0,1.0,1.0,0.7774,7
GEN_8661,RGGACCRFGSTKTGLY,16,2.74,0.6524,0.2176,0.0,0.6421,1.0,0.7702,8
GEN_8648,KKAGNGRLAHKSGIMNSGPKLALG,24,4.84,0.6536,0.4352,0.0,1.0,1.0,0.77,9
GEN_8497,SLSYKKCNAWLKLGLY,16,2.45,0.663,0.4105,0.0,0.9191,1.0,0.7673,10
GEN_8679,GRIILAHASAYRTLGHRGNYEGKIARKE,28,3.94,0.6513,0.3989,0.09,1.0,1.0,0.7647,11
GEN_8386,LFYRDTKIAGLLHSCGYGA,19,0.84,0.6681,0.3795,0.0815,0.8862,1.0,0.7597,12
GEN_8435,TAFVCKKGIAILNTWRGANYSNDASWCGK,29,2.38,0.6661,0.4257,0.12,1.0,1.0,0.7587,13
GEN_7888,LKCNPWGTLVAWGLRDGCAGSFG,23,0.74,0.6843,0.4534,0.1288,1.0,1.0,0.7568,14
GEN_5958,SLSYKKCNAWLKEKTGAVLLCTAL,24,2.44,0.7121,0.4268,0.0194,0.7788,1.0,0.7564,15
GEN_8351,GIAYPLSAWAKGRGCYP,17,1.75,0.6695,0.4523,0.1,0.9987,1.0,0.756,16
GEN_8463,GRGKFKKVQAFQNLKCDLARLNSWW,25,4.75,0.6648,0.5082,0.0,1.0,1.0,0.7556,17
GEN_8517,FPVNKIRYKKDKGWKFRGLGASGKC,25,6.74,0.662,0.3642,0.0434,0.7997,1.0,0.7541,18
GEN_7772,SLSYKKSNAWLKEKTGAVLLCTAL,24,2.45,0.687,0.4027,0.0194,0.7788,1.0,0.7537,19
GEN_8682,NSGTAGASLLAAAKAT,16,0.76,0.6512,0.3764,0.2035,1.0,1.0,0.7533,20
